{"cameraMode":{"drawMode":0,"name":"Shaded","section":"Shading Mode"},"sceneLighting":true,"audioPlay":false,"sceneViewState":{"showFog":false,"showMaterialUpdate":false,"showSkybox":false,"showFlares":false,"showImageEffects":false,"showParticleSystems":true},"in2DMode":false,"pivot":{"x":-22.531227111816408,"y":3.544063091278076,"z":1.5622724294662476},"rotation":{"x":0.01964825950562954,"y":0.723994255065918,"z":-0.020639173686504365,"w":0.6892192363739014},"size":36.199466705322269,"orthographic":true}