{"cameraMode":{"drawMode":0,"name":"Shaded","section":"Shading Mode"},"sceneLighting":true,"audioPlay":false,"sceneViewState":{"showFog":true,"showMaterialUpdate":false,"showSkybox":true,"showFlares":true,"showImageEffects":true,"showParticleSystems":true},"in2DMode":false,"pivot":{"x":-2.197021484375,"y":2.4755859375,"z":-9.84765625},"rotation":{"x":0.024234134703874589,"y":-0.07790502160787583,"z":0.0018893372034654022,"w":0.9966747164726257},"size":20.758695602416993,"orthographic":true}