{"cameraMode":{"drawMode":0,"name":"Shaded","section":"Shading Mode"},"sceneLighting":true,"audioPlay":false,"sceneViewState":{"showFog":false,"showMaterialUpdate":false,"showSkybox":false,"showFlares":false,"showImageEffects":false,"showParticleSystems":true},"in2DMode":false,"pivot":{"x":-1.5364707708358765,"y":0.8462883234024048,"z":0.4242187440395355},"rotation":{"x":0.18424704670906068,"y":0.030955074355006219,"z":-0.005805724300444126,"w":0.9823761582374573},"size":17.954408645629884,"orthographic":true}