{"cameraMode":{"drawMode":0,"name":"Shaded","section":"Shading Mode"},"sceneLighting":true,"audioPlay":false,"sceneViewState":{"showFog":false,"showMaterialUpdate":false,"showSkybox":false,"showFlares":false,"showImageEffects":false,"showParticleSystems":true},"in2DMode":false,"pivot":{"x":-17.265380859375,"y":-7.087359428405762,"z":-2.502262592315674},"rotation":{"x":-0.15261907875537873,"y":0.6912235617637634,"z":-0.1529802680015564,"w":-0.6895710825920105},"size":26.62298011779785,"orthographic":false}